Post ID,Label Weight
p2,0.5008598132731752
p1,0.4787013259314625
p3,0.4507670124795607
