Post ID,Label Weight
p2,0.4991467334379179
p1,0.48089109238694905
p3,0.4508688141537983
